["/*40e57588b894374cfaef1ebe399bc57a6691ba3e",42,771022,771076,486,771576,253,"initialize:function(a){if(",772651,46,"!==undefined&&",772736,45,"!==undefined){",772651,36,"disable();",772736,35,"disable();Ext.getCmp(\"save-permanently\").hide();Ext.getCmp(\"edit-credentials\").show()}else{",772651,36,"enable();",772736,35,"enable();Ext.getCmp(\"save-permanently\").show();Ext.getCmp(\"edit-credentials\").hide()}}",771828,750,"id:\"save-permanently\",style:\"margin: .0",772594,457,";b.hide();Ext.getCmp(\"edit-credentials\").show()}},{xtype:\"button\",ui:\"confirm\",id:\"edit-credentials\",style:\"margin: .05em\",text:\"Edit Credentials\",hidden:true,handler:function(b,a){b.hide();Ext.getCmp(\"save-permanently\").show(",772959,38,"enable();",772736,35,"en",773045,804,"navigation.View",773859,35,"navigationBar:null,",770571,43,"title:\"Select a Ticket",773942,201,777694,40,774190,201,",buttonRefresh",778095,32,"refresh",774390,318,"getButtonRefresh().hide(",774701,615,"area",775316,66,"maxRows:3",775966,37,775418,816,"area",776234,38,"maxRows:5",776271,51,"area",776322,79,"maxRows:5",776400,1020,"text:\"",777443,95,"text:\"Add",777563,85,"text:\"Save",777674,168,"sView:\"projectissuesview\",",777830,3087,",maxRows:12",780917,3042,"backClicked:function(){",785319,55,"show();this.getBtnSaveInfo().hide(",784322,169,784526,261,"ProjectIssuesView().push(this.issueView);this.getBtnRefresh().hide(",784831,229,785116,276,"c.addListener(\"remove\",function(){b.getBtnRefresh().hide();b.getBtnEnableEditing().show()})",785391,7351,792791,106,792946,1669,"\"57\":\"resources/icons/iOS/Icon.png\",\"114\":\"resources/icons/iOS/Icon@2x.png\",\"29\":\"resources/icons/iOS/Icon-Small.png\",\"58\":\"resources/icons/iOS/Icon-Small@2x.png\",\"40\":\"resources/icons/iOS/Icon-40.png\",\"80\":\"resources/icons/iOS/Icon-40@2x.png\",\"50\":\"resources/icons/iOS/Icon-Small-50.png\",\"100\":\"resources/icons/iOS/Icon-Small-50@2x.png\",\"60\":\"resources/icons/iOS/Icon-60.png\",\"120\":\"resources/icons/iOS/Icon-60@2x.png\",\"72\":\"resources/icons/iOS/Icon-72.png\",\"144\":\"resources/icons/iOS/Icon-72@2x.png\",\"76\":\"resources/icons/iOS/Icon-76.png\",\"152\":\"resources/icons/iOS/Icon-76@2x.png\"}",794763,2327]