["/*07248ab2baae28ba774d107c071d55832b448ce5",42,770275,770564,77,"style:\"padding-top:20px;height:4em;background:#EEEEEE !important;",770639,49,"iconCls:\"action\",iconMask:true",770687,115,"iconCls:\"organize\",iconMask:true",770687,39,770840,46,"conCls:\"refresh\",iconMask:true",770884,180,771076,344,770571,70,"style:\"padding-top:20px;height:4em;background:#EEEEEE !important;\",items:[",770854,32,"conCls:\"refresh\",iconMask:true,id:\"btn-refresh-charts",770900,116,"list\",title:\"Select a Projec",771588,43,773992,52,771189,105,771733,96,"initialize:function(a){if(",772651,46,"!==undefined&&",772736,45,"!==undefined){",772651,36,"disable();",772736,35,"disable();Ext.getCmp(\"save-permanently\").hide();Ext.getCmp(\"edit-credentials\").show()}else{",772651,36,"enable();",772736,35,"enable();Ext.getCmp(\"save-permanently\").show();Ext.getCmp(\"edit-credentials\").hide()}}",771828,73,"tool",773071,63,",style:\"padding-top:20px;height:3em;background:#EEEEEE !important;\"},",771893,253,"For Example: ",772146,298,"For Example: ",772444,134,"iconCls:\"bookmarks\",iconMask:true,id:\"save-permanently\",style:\"margin: .05em\",text:\"Save & Lock Fields",772621,430,";b.hide();Ext.getCmp(\"edit-credentials\").show()}},{xtype:\"button\",ui:\"confirm\",iconCls:\"action\",iconMask:true,id:\"edit-credentials\",style:\"margin: .05em\",text:\"Unlock Fields\",hidden:true,handler:function(b,a){b.hide();Ext.getCmp(\"save-permanently\").show(",772959,38,"enable();",772736,35,"enable()}}]}]",773134,278,773483,161,773715,134,"navigation.View",773859,35,"navigationBar:null,",770571,43,"title:\"Select a Ticket",773942,201,777694,40,774190,201,",buttonRefresh",778095,32,"refresh\"},control:{projectList:{itemtap:\"showProjectIssuesTap",774442,109,"Tap:function(f,b,h,a,g",774562,39,"a.data.id);var d",774617,83,"d);this.getButtonRefresh().hide(",774701,58,"a.data.id);d",774771,545,"area",775316,66,"maxRows:3",775966,37,775418,816,"area",776234,38,"maxRows:5",776271,51,"area",776322,79,"maxRows:5",776400,986,"iconCls:\"bookmarks\",iconMask:true",777503,35,"text:\"",777443,61,"iconCls:\"add\",iconMask:true",777503,35,"text:\"Add",777563,51,"iconCls:\"organize\",iconMask:true",777613,35,"text:\"Save",777674,168,"sView:\"projectissuesview\",",777830,1499,",itemtap:\"showIssueTap",779328,1589,",maxRows:12",780917,3042,"backClicked:function(){",785319,55,"show();this.getBtnSaveInfo().hide(",784322,169,784526,261,"ProjectIssuesView().push(this.issueView);this.getBtnRefresh().hide(",784831,229,785116,98,"Tap:function(b,c,g,a,f,d",785008,52,785116,276,"c.addListener(\"remove\",function(){b.getBtnRefresh().hide();b.getBtnEnableEditing().show()})",785391,6772,",redmineChartsNavigator:\"redmine-charts-navigator\",buttonRefreshCharts:\"redmine-charts-navigator #btn-refresh-charts\"},control:{list:{itemtap:\"showProjectChartsTap\"},redmineChartsNavigator:{back:\"backButtonClicked\"}}},showProjectChartsTap:function(g,b,f,a,d,",796606,35,792284,34,"h",792319,44,"this.getButtonRefreshCharts().hide();this.getRedmineChartsNavigator().push(h)},backButtonClicked:function(){this.getButtonRefreshCharts().show()",777696,38,792441,301,792791,106,792946,1130,"fals",794079,536,"\"57\":\"resources/icons/iOS/Icon.png\",\"114\":\"resources/icons/iOS/Icon@2x.png\",\"29\":\"resources/icons/iOS/Icon-Small.png\",\"58\":\"resources/icons/iOS/Icon-Small@2x.png\",\"40\":\"resources/icons/iOS/Icon-40.png\",\"80\":\"resources/icons/iOS/Icon-40@2x.png\",\"50\":\"resources/icons/iOS/Icon-Small-50.png\",\"100\":\"resources/icons/iOS/Icon-Small-50@2x.png\",\"60\":\"resources/icons/iOS/Icon-60.png\",\"120\":\"resources/icons/iOS/Icon-60@2x.png\",\"72\":\"resources/icons/iOS/Icon-72.png\",\"144\":\"resources/icons/iOS/Icon-72@2x.png\",\"76\":\"resources/icons/iOS/Icon-76.png\",\"152\":\"resources/icons/iOS/Icon-76@2x.png\"}",794763,2327]