["/*07248ab2baae28ba774d107c071d55832b448ce5",42,770275,770564,77,"style:\"padding-top:20px;height:4em;background:#EEEEEE !important;",770639,49,"iconCls:\"action\",iconMask:true",770687,115,"iconCls:\"organize\",iconMask:true",770687,39,770840,46,"conCls:\"refresh\",iconMask:true",770884,524,770571,70,"style:\"padding-top:20px;height:4em;background:#EEEEEE !important;\",items:[",770854,32,"conCls:\"refresh\",iconMask:true,id:\"btn-refresh-charts",770900,116,"list\",title:\"Select a Projec",771562,43,771125,157,771707,96,"initialize:function(a){if(",772958,36,"getValue()!==undefined&&",772733,45,"!==undefined){",772958,91,"Ext.getCmp(\"save-permanently\")",773050,46,"else{",772958,36,773312,52,773237,51,"edit-credentials\").hide()}}",771802,73,"tool",773384,63,",style:\"padding-top:20px;height:3em;background:#EEEEEE !important;\"},",771867,253,"For Example: ",772120,298,"For Example: ",772418,135,"conCls:\"bookmarks\",iconMask:true",772551,56,"& Lock Fields",772618,510,"conCls:\"action\",iconMask:true",773126,51,"Unlock Field",773192,178,788512,40,773488,237,773796,161,774028,134,"navigation.View",774172,35,"navigationBar:null,",770571,43,"title:\"Select a Ticket",774255,201,774463,241,",butto",778348,48,"},control:{projectList:{itemtap:\"showProjectIssuesTap",774755,109,"Tap:function(f,b,h,a,g",774875,39,"a.data.id);var d",774930,83,"d);this.getButtonRefresh().hide(",775014,58,"a.data.id);d",775084,545,"area",775629,66,"maxRows:3",775694,853,"area",776547,38,"maxRows:5",776584,51,"area",776635,79,"maxRows:5",777184,42,776755,944,"iconCls:\"bookmarks\",iconMask:true",777816,35,"text:\"",777756,61,"iconCls:\"add\",iconMask:true",777816,35,"text:\"Add",777876,51,"iconCls:\"organize\",iconMask:true",777926,35,"text:\"Save",777987,168,"sView:\"projectissuesview\",",778143,1499,",itemtap:\"showIssueTap",779641,1589,",maxRows:12",781230,3042,784481,56,";this.getBtnRefresh().show();this.getBtnSaveInfo",784528,438,"ProjectIssuesView().push(this.issueView);this.getBtnRefresh().hide();",785246,46,785058,279,"Tap:function(b,c,g,a,f,d){if(",785246,45,785237,278,"c.addListener(\"remove\",function(){b.getBtnRefresh().hide();b.getBtnEnableEditing().show()}",774973,40,785553,6733,",redmineChartsNavigator:\"redmine-charts-navigator\",buttonRefreshCharts:\"redmine-charts-navigator #btn-refresh-charts\"},control:{list:{itemtap:\"showProjectChartsTap\"},redmineChartsNavigator:{back:\"backButtonClicked\"}}},showProjectChartsTap:function(g,b,f,a,d,",796631,35,792407,34,"h",792442,44,"this.getButtonRefreshCharts().hide();this.getRedmineChartsNavigator().push(h)},backButtonClicked:function(){this.getButtonRefreshCharts().show(",792525,1576,"fals",794104,536,"\"57\":\"resources/icons/iOS/Icon.png\",\"114\":\"resources/icons/iOS/Icon@2x.png\",\"29\":\"resources/icons/iOS/Icon-Small.png\",\"58\":\"resources/icons/iOS/Icon-Small@2x.png\",\"40\":\"resources/icons/iOS/Icon-40.png\",\"80\":\"resources/icons/iOS/Icon-40@2x.png\",\"50\":\"resources/icons/iOS/Icon-Small-50.png\",\"100\":\"resources/icons/iOS/Icon-Small-50@2x.png\",\"60\":\"resources/icons/iOS/Icon-60.png\",\"120\":\"resources/icons/iOS/Icon-60@2x.png\",\"72\":\"resources/icons/iOS/Icon-72.png\",\"144\":\"resources/icons/iOS/Icon-72@2x.png\",\"76\":\"resources/icons/iOS/Icon-76.png\",\"152\":\"resources/icons/iOS/Icon-76@2x.png\"}",794788,2327]