["/*cc4f26d88e31c204adad670aa15fa8fa0a855167",42,770275,"onfig:{",774652,43,"navigationBar:{ui:\"sencha\",",770629,47,"iconCls:\"action\",iconMask:true",770789,39,770714,76,"iconCls:\"organize\",iconMask:true",770789,85,"conCls:\"refresh\",iconMask:true",770872,524,774652,43,"navigationBar:{ui:\"sencha\",style:\"padding-top:20px;height:4em;background:#EEEEEE !important;\",",770987,89,"d:\"charts",771083,220,771726,88,771933,289,"else{",771936,36,"en",772094,42,"en",772139,38,"show",772181,34,"hide",772219,77,"tool",773805,63,",style:\"padding-top:20px;height:3em;background:#EEEEEE !important;\"},",772288,686,"conCls:\"bookmarks\",iconMask:true",772972,577,"conCls:\"action\",iconMask:true",773547,244,773869,277,774217,161,774449,3832,"iconCls:\"bookmarks\",iconMask:true",778381,41,778321,61,"iconCls:\"add\",iconMask:true",778381,95,"iconCls:\"organize\",iconMask:true",778475,14356,",redmineChartsNavigator:\"redmine-charts-navigator",792830,201,"this.getRedmineChartsNavigator(",793062,2123,"\"57\":\"resources/icons/iOS/Icon.png\",\"114\":\"resources/icons/iOS/Icon@2x.png\",\"29\":\"resources/icons/iOS/Icon-Small.png\",\"58\":\"resources/icons/iOS/Icon-Small@2x.png\",\"40\":\"resources/icons/iOS/Icon-40.png\",\"80\":\"resources/icons/iOS/Icon-40@2x.png\",\"50\":\"resources/icons/iOS/Icon-Small-50.png\",\"100\":\"resources/icons/iOS/Icon-Small-50@2x.png\",\"60\":\"resources/icons/iOS/Icon-60.png\",\"120\":\"resources/icons/iOS/Icon-60@2x.png\",\"72\":\"resources/icons/iOS/Icon-72.png\",\"144\":\"resources/icons/iOS/Icon-72@2x.png\",\"76\":\"resources/icons/iOS/Icon-76.png\",\"152\":\"resources/icons/iOS/Icon-76@2x.png\"}",795572,2327]