["/*07248ab2baae28ba774d107c071d55832b448ce5",42,770275,"onfig:{",774652,43,"navigationBar:{ui:\"sencha\",style:\"padding-top:20px;height:4em;background:#EEEEEE !important;\",",770629,47,"iconCls:\"action\",iconMask:true",770789,39,770714,76,"iconCls:\"organize\",iconMask:true",770789,85,"conCls:\"refresh\",iconMask:true",770872,524,774652,43,"navigationBar:{ui:\"sencha\",style:\"padding-top:20px;height:4em;background:#EEEEEE !important;\",items:[",770842,32,"conCls:\"refresh\",iconMask:true,id:\"btn-refresh-charts",770888,116,"list\",title:\"Select a Projec",771550,43,774767,52,771165,105,771695,119,771933,289,"else{",771936,36,"en",772094,42,"en",772139,38,"show",772181,34,"hide",772219,77,"tool",773805,63,",style:\"padding-top:20px;height:3em;background:#EEEEEE !important;\"},",772288,253,"For Example: ",772541,298,"For Example: ",772839,135,"conCls:\"bookmarks\",iconMask:true",772972,56,"& Lock Fields",773039,510,"conCls:\"action\",iconMask:true",773547,51,"Unlock Field",773613,178,773869,277,774217,161,774449,788,"itemtap:\"showProjectIssuesTap",775264,109,"Tap:function(f,b,h,a,g,c",785547,37,"a.data.id);var d",775439,83,"d",775523,89,"a.data.id);d",775624,2657,"iconCls:\"bookmarks\",iconMask:true",778381,41,778321,61,"iconCls:\"add\",iconMask:true",778381,95,"iconCls:\"organize\",iconMask:true",778475,1738,",itemtap:\"showIssueTap",780212,5578,"Tap:function(b,c,g,a,f,d",785640,7191,",redmineChartsNavigator:\"redmine-charts-navigator\",buttonRefreshCharts:\"redmine-charts-navigator #btn-refresh-charts\"},control:{list:{itemtap:\"showProjectChartsTap\"},redmineChartsNavigator:{back:\"backButtonClicked\"}}},showProjectChartsTap:function(g,b,f,a,d,",797415,35,792952,34,"h",792987,44,"this.getButtonRefreshCharts().hide();this.getRedmineChartsNavigator().push(h)},backButtonClicked:function(){this.getButtonRefreshCharts().show(",793070,1576,"fals",794649,536,"\"57\":\"resources/icons/iOS/Icon.png\",\"114\":\"resources/icons/iOS/Icon@2x.png\",\"29\":\"resources/icons/iOS/Icon-Small.png\",\"58\":\"resources/icons/iOS/Icon-Small@2x.png\",\"40\":\"resources/icons/iOS/Icon-40.png\",\"80\":\"resources/icons/iOS/Icon-40@2x.png\",\"50\":\"resources/icons/iOS/Icon-Small-50.png\",\"100\":\"resources/icons/iOS/Icon-Small-50@2x.png\",\"60\":\"resources/icons/iOS/Icon-60.png\",\"120\":\"resources/icons/iOS/Icon-60@2x.png\",\"72\":\"resources/icons/iOS/Icon-72.png\",\"144\":\"resources/icons/iOS/Icon-72@2x.png\",\"76\":\"resources/icons/iOS/Icon-76.png\",\"152\":\"resources/icons/iOS/Icon-76@2x.png\"}",795572,2327]