["/*40e57588b894374cfaef1ebe399bc57a6691ba3e",42,770587,"ui:\"sencha\",",770629,1185,771933,289,"else{",771936,36,"en",772094,42,"en",772139,38,"show",772181,34,"hide",772219,22966,"\"57\":\"resources/icons/iOS/Icon.png\",\"114\":\"resources/icons/iOS/Icon@2x.png\",\"29\":\"resources/icons/iOS/Icon-Small.png\",\"58\":\"resources/icons/iOS/Icon-Small@2x.png\",\"40\":\"resources/icons/iOS/Icon-40.png\",\"80\":\"resources/icons/iOS/Icon-40@2x.png\",\"50\":\"resources/icons/iOS/Icon-Small-50.png\",\"100\":\"resources/icons/iOS/Icon-Small-50@2x.png\",\"60\":\"resources/icons/iOS/Icon-60.png\",\"120\":\"resources/icons/iOS/Icon-60@2x.png\",\"72\":\"resources/icons/iOS/Icon-72.png\",\"144\":\"resources/icons/iOS/Icon-72@2x.png\",\"76\":\"resources/icons/iOS/Icon-76.png\",\"152\":\"resources/icons/iOS/Icon-76@2x.png\"}",795572,2327]