["/*40e57588b894374cfaef1ebe399bc57a6691ba3e",42,770529,"autoDestroy:true,showAnimation:null",770604,109,"temI",770713,110,"temI",770823,183,"formpanel\",layout:\"vbox\",title:\"Select a Project\",items:[{xtype:\"list",771047,40,"pinHeaders:true,clearSelectionOnDeactivate:true",771086,110,789247,40,771234,228,771476,253,"initialize:function(a){if(",772242,46,"!==undefined&&",772327,45,"!==undefined){",772242,36,"disable();",772327,35,"disable();Ext.getCmp(\"save-permanently\").hide();Ext.getCmp(\"edit-credentials\").show()}else{",772242,36,"enable();",772327,35,"enable();Ext.getCmp(\"save-permanently\").show();Ext.getCmp(\"edit-credentials\").hide()}},config:{flex:1,layout:\"vbox\",pack:\"center\",",771737,39,"pack:\"center\",items:[{xtype:\"textfield\",id:\"redmine-url-field\",label:\"Enter Redmine App URL:\",clearIcon:false,labelWidth:\"100%\",readOnly:true},",771797,64,771896,81,"redmine-key-field\",label:\"Enter Redmine API Access Key:\",clearIcon:false,style:{background:\"#00D2A5 !important\"},labelWidth:\"100%",776352,36,771973,52,772067,79,"container\",layout:{type:\"vbox\",align:\"middle\"},items:[{xtype:\"button\",ui:\"confirm\",id:\"save-permanently\",style:\"margin: .05e",772187,364,";",772242,36,"disable();",772327,35,"disable();b.hide();Ext.getCmp(\"edit-credentials\").show()}},{xtype:\"button\",ui:\"confirm\",id:\"edit-credentials\",style:\"margin: .05em\",text:\"Edit Credentials\",hidden:true,handler:function(b,a){b.hide();Ext.getCmp(\"save-permanently\").show();",772242,36,"enable();",772327,35,"enable()}}]",772552,209,"deferredRender:false,itemId:\"redmine-tab-panel\",defaults:{hideMode:\"offsets\"},layoutOnTabChange:true,activeTab:1,plain:true",772783,463,"navigation.View",773255,35,"navigationBar:null,autoDestroy:true,showAnimation:null,flex:1,title:\"Select a Ticket",773356,50,"pinHeaders:true,clearSelectionOnDeactivate",773400,109,791613,40,"Projects",791663,52,773616,141,",buttonRefresh:\"redmine-issues-navigator #btn-refresh",773756,318,"getButtonRefresh().hide(",774067,112,771632,32,774302,92,774419,379,"area",774798,66,"maxRows:3",774863,853,"area",775716,38,"maxRows:5",775753,51,"area",775804,79,"maxRows:5",775776,42,775924,978,"text:\"",776925,95,"text:\"Add",777045,85,"text:\"Save Note\",hidden:true}]",791613,40,"Issues",791663,45,777268,57,"sView:\"projectissuesview\",",777313,157,"redmine-issues-navigator ",777470,33,"redmine-issues-navigator #btn-refresh\",btnSaveInfo:\"redmine-issues-navigator ",777530,1097,"issuehistoryview",778647,1682,",maxRows:12",780329,1699,"var a=c.getRecord();",782060,441,";",782503,881,"backClicked:function(){",783680,33,";this.getBtnRefresh().show();this.getBtnSaveInfo().hide()},Issue:null,issueView:null",783714,141,"this.issueView",783860,147,"this.issueView.add(new_items);this.issueView",784025,56,"ProjectIssuesView().push(this.issueView);this.getBtnRefresh().hide();",784537,45,784402,182,784640,328,"hide",784972,7074,"controller.UserInputFields",791663,45,"UserInputView\"],refs:{redmineUrlField:\"#redmine-url-field\",redmineKeyField:\"#redmine-key-field\"},control:{redmineUrlField:{painted:\"styleRedmineUrlField\"},redmineKeyField:{painted:\"styleRedmineKeyField\"}}},styleRedmineUrlField:function(b,a){Ext.getCmp(\"redmine-url-field\").setStyle({backgroundColor:\"#00D2A5\"})},styleRedmineKeyField:function(a,b){Ext.getCmp(\"redmine-key-field\").setStyle({backgroundColor:\"#00D2A5\"})",792199,33,792052,1028,"tru",793084,510,",\"UserInputFields\"],icon:{\"57\":\"resources/icons/iOS/Icon.png\",\"114\":\"resources/icons/iOS/Icon@2x.png\",\"29\":\"resources/icons/iOS/Icon-Small.png\",\"58\":\"resources/icons/iOS/Icon-Small@2x.png\",\"40\":\"resources/icons/iOS/Icon-40.png\",\"80\":\"resources/icons/iOS/Icon-40@2x.png\",\"50\":\"resources/icons/iOS/Icon-Small-50.png\",\"100\":\"resources/icons/iOS/Icon-Small-50@2x.png\",\"60\":\"resources/icons/iOS/Icon-60.png\",\"120\":\"resources/icons/iOS/Icon-60@2x.png\",\"72\":\"resources/icons/iOS/Icon-72.png\",\"144\":\"resources/icons/iOS/Icon-72@2x.png\",\"76\":\"resources/icons/iOS/Icon-76.png\",\"152\":\"resources/icons/iOS/Icon-76@2x.png\"}",793750,2327]