["/*d4024d2dac6dd7063bb9ec23d14ebd9a968466c0",42,770275,"onfig:{autoDestroy:true,showAnimation:null",770604,82,"iconCls:\"action\",iconMask:true,align:\"right\",hidden:true,itemI",770713,83,"iconCls:\"organize\",iconMask:true,align:\"right\",hidden:true,itemI",770823,53,"conCls:\"refresh\",iconMask:true",770874,132,"formpanel\",layout:\"vbox\",title:\"Select a Project\",items:[{xtype:\"list",771047,40,"pinHeaders:true,clearSelectionOnDeactivate:true",771086,110,789247,40,771234,86,"autoDestroy:true,showAnimation:null",770604,35,"style:\"padding-top:20px;height:4em;background:#EEEEEE !important;\"},items:[{xtype:\"formpanel\",layout:\"vbox\",title:\"Select a Project\",items:[{",771478,53,"pinHeaders:true,clearSelectionOnDeactivate:true",771086,110,771631,98,"initialize:function(a){if(",772242,46,"!==undefined&&",772327,45,"!==undefined){",772242,36,"disable();",772327,35,"disable();Ext.getCmp(\"save-permanently\").hide();Ext.getCmp(\"edit-credentials\").show()}else{",772242,36,"enable();",772327,35,"enable();Ext.getCmp(\"save-permanently\").show();Ext.getCmp(\"edit-credentials\").hide()}},config:{flex:1,layout:\"vbox\",pack:\"center\",height:\"100%\",items:[{xtype:\"tool",772569,63,",style:\"padding-top:20px;height:3em;background:#EEEEEE !important;\"},{xtype:\"fieldset\",pack:\"center\",items:[{xtype:\"textfield\",id:\"redmine-url-field\",label:\"Enter Redmine App URL:\",clearIcon:false,labelWidth:\"100%\",readOnly:true},",771797,64,771896,81,"redmine-key-field\",label:\"Enter Redmine API Access Key:\",clearIcon:false,style:{background:\"#00D2A5 !important\"},labelWidth:\"100%",776352,36,771973,52,772067,79,"container\",layout:{type:\"vbox\",align:\"middle\"},items:[{xtype:\"button\",ui:\"confirm\",iconCls:\"bookmarks\",iconMask:true,id:\"save-permanently\",style:\"margin: .05e",772187,364,";",772242,36,"disable();",772327,35,"disable();b.hide();Ext.getCmp(\"edit-credentials\").show()}},{xtype:\"button\",ui:\"confirm\",iconCls:\"action\",iconMask:true,id:\"edit-credentials\",style:\"margin: .05em\",text:\"Edit Credentials\",hidden:true,handler:function(b,a){b.hide();Ext.getCmp(\"save-permanently\").show();",772242,36,"enable();",772327,35,"enable()}}]}]",789246,41,772673,88,"deferredRender:false,itemId:\"redmine-tab-panel\",defaults:{hideMode:\"offsets\"},layoutOnTabChange:true,activeTab:1,plain:true,items:[{iconCls:\"action",772878,163,773112,134,"navigation.View",773255,35,"navigationBar:null,autoDestroy:true,showAnimation:null,flex:1,title:\"Select a Ticket",773356,50,"pinHeaders:true,clearSelectionOnDeactivate",773400,109,791613,40,"Projects",791663,52,773616,141,",buttonRefresh:\"redmine-issues-navigator #btn-refresh",773756,53,",itemtap:\"showProjectIssuesTap",773808,266,"getButtonRefresh().hide(",774067,112,"},showProjectIssuesTap:function(f,b,h,a,g",773928,39,"a.data.id);var d",773983,83,"d);this.getButtonRefresh().hide(",774067,58,"a.data.id);d",774137,42,771632,32,774302,92,774419,379,"area",774798,66,"maxRows:3",774863,853,"area",775716,38,"maxRows:5",775753,51,"area",775804,79,"maxRows:5",775776,42,775924,944,"iconCls:\"bookmarks\",iconMask:true",776985,35,"text:\"",776925,61,"iconCls:\"add\",iconMask:true",776985,35,"text:\"Add",777045,51,"iconCls:\"organize\",iconMask:true",777095,35,"text:\"Save Note\",hidden:true}]",791613,40,"Issues",791663,45,777268,57,"sView:\"projectissuesview\",",777313,157,"redmine-issues-navigator ",777470,33,"redmine-issues-navigator #btn-refresh\",btnSaveInfo:\"redmine-issues-navigator ",777530,1097,"issuehistoryview",778647,94,",itemtap:\"showIssueTap",778740,1589,",maxRows:12",780329,1699,"var a=c.getRecord();",782060,441,";",782503,881,"backClicked:function(){",783680,33,";this.getBtnRefresh().show();this.getBtnSaveInfo().hide()},Issue:null,issueView:null",783714,141,"this.issueView",783860,147,"this.issueView.add(new_items);this.issueView",784025,56,"ProjectIssuesView().push(this.issueView);this.getBtnRefresh().hide();",784537,45,784402,182,784640,98,"Tap:function(b,c,g,a,f,d",784532,52,784640,328,"hide",784972,6807,",redmineChartsNavigator:\"redmine-charts-navigator",791778,46,",itemtap:\"showProjectChartsTap",791823,156,"this.getRedmineChartsNavigator().push(g)},showProjectChartsTap:function(g,b,f,a",791862,72,"h",791935,44,"this.getRedmineChartsNavigator().push(h)",791615,38,"UserInputFields",791663,45,"UserInputView\"],refs:{redmineUrlField:\"#redmine-url-field\",redmineKeyField:\"#redmine-key-field\"},control:{redmineUrlField:{painted:\"styleRedmineUrlField\"},redmineKeyField:{painted:\"styleRedmineKeyField\"}}},styleRedmineUrlField:function(b,a){Ext.getCmp(\"redmine-url-field\").setStyle({backgroundColor:\"#00D2A5\"})},styleRedmineKeyField:function(a,b){Ext.getCmp(\"redmine-key-field\").setStyle({backgroundColor:\"#00D2A5\"})",792199,33,792052,1028,"tru",793084,510,",\"UserInputFields\"],icon:{\"57\":\"resources/icons/iOS/Icon.png\",\"114\":\"resources/icons/iOS/Icon@2x.png\",\"29\":\"resources/icons/iOS/Icon-Small.png\",\"58\":\"resources/icons/iOS/Icon-Small@2x.png\",\"40\":\"resources/icons/iOS/Icon-40.png\",\"80\":\"resources/icons/iOS/Icon-40@2x.png\",\"50\":\"resources/icons/iOS/Icon-Small-50.png\",\"100\":\"resources/icons/iOS/Icon-Small-50@2x.png\",\"60\":\"resources/icons/iOS/Icon-60.png\",\"120\":\"resources/icons/iOS/Icon-60@2x.png\",\"72\":\"resources/icons/iOS/Icon-72.png\",\"144\":\"resources/icons/iOS/Icon-72@2x.png\",\"76\":\"resources/icons/iOS/Icon-76.png\",\"152\":\"resources/icons/iOS/Icon-76@2x.png\"}",793750,2327]