["/*d4024d2dac6dd7063bb9ec23d14ebd9a968466c0",42,770275,770564,124,"iconCls:\"action\",iconMask:true",770687,115,"iconCls:\"organize\",iconMask:true",770687,39,770840,46,"conCls:\"refresh\",iconMask:true",770884,524,770571,70,"style:\"padding-top:20px;height:4em;background:#EEEEEE !important;\"",770999,89,771566,39,774779,52,771177,138,771738,88,"if(",773391,36,771984,250,"else{",773391,36,"en",772106,42,"en",772151,38,"show",773488,34,"hide",772231,77,"tool",773817,63,",style:\"padding-top:20px;height:3em;background:#EEEEEE !important;\"},",772300,686,"conCls:\"bookmarks\",iconMask:true",772984,577,"conCls:\"action\",iconMask:true",773559,244,"]",775678,32,773914,244,774229,161,774461,816,",itemtap:\"showProjectIssuesTap",775276,403,",showProjectIssuesTap:function(f,b,h,a,g,c",785502,37,"a.data.id);var d",775451,83,"d",775535,89,"a.data.id);d",775636,545,"area",776181,66,"maxRows:3",776831,37,776283,816,"area",777099,38,"maxRows:5",777136,142,"5",777376,42,777321,944,"iconCls:\"bookmarks\",iconMask:true",778365,41,778305,61,"iconCls:\"add\",iconMask:true",778365,95,"iconCls:\"organize\",iconMask:true",778459,1738,",itemtap:\"showIssueTap",780196,4726,";this.getBtnSaveInfo().hide",784920,825,"Tap:function(b,c,g,a,f,d",785595,328,"c.addListener(\"remove\",function(){b.getBtnRefresh().hide();b.getBtnEnableEditing().show()}",775494,40,785961,6733,",redmineChartsNavigator:\"redmine-charts-navigator",792693,46,",itemtap:\"showProjectChartsTap",792738,156,"this.getRedmineChartsNavigator().push(g)},showProjectChartsTap:function(g,b,f,a",792777,72,"h=Ext.creat",791903,32,");this.getRedmineChartsNavigator().push(h)",778526,38,792972,2098,"iOS/Icon.png\",\"114\":\"resources/icons/iOS/Icon@2x.png\",\"29\":\"resources/icons/iOS/Icon-Small.png\",\"58\":\"resources/icons/iOS/Icon-Small@2x.png\",\"40\":\"resources/icons/iOS/Icon-40.png\",\"80\":\"resources/icons/iOS/Icon-40@2x.png\",\"50\":\"resources/icons/iOS/Icon-Small-50.png\",\"100\":\"resources/icons/iOS/Icon-Small-50@2x.png\",\"60\":\"resources/icons/iOS/Icon-60.png\",\"120\":\"resources/icons/iOS/Icon-60@2x.png\",\"72\":\"resources/icons/iOS/Icon-72.png\",\"144\":\"resources/icons/iOS/Icon-72@2x.png\",\"76\":\"resources/icons/iOS/Icon-76.png\",\"152\":\"resources/icons/iOS/Icon-76@2x.png\"}",795204,2327]