["/*07248ab2baae28ba774d107c071d55832b448ce",41,770276,770564,77,"style:\"padding-top:20px;height:4em;background:#EEEEEE !important;",770639,49,"iconCls:\"action\",iconMask:true",770687,115,"iconCls:\"organize\",iconMask:true",770687,39,770840,46,"conCls:\"refresh\",iconMask:true",770884,524,770571,70,"style:\"padding-top:20px;height:4em;background:#EEEEEE !important;\",items:[",770854,32,"conCls:\"refresh\",iconMask:true,id:\"btn-refresh-charts",770900,116,"list\",title:\"Select a Projec",771562,43,774830,52,771177,105,771707,652,"tool",773868,63,",style:\"padding-top:20px;height:3em;background:#EEEEEE !important;\"},",772351,253,"For Example: ",772604,298,"For Example: ",772902,135,"conCls:\"bookmarks\",iconMask:true",773035,56,"& Lock Fields",773102,510,"conCls:\"action\",iconMask:true",773610,51,"Unlock Field",773676,178,789120,40,773972,237,774280,161,774512,788,"itemtap:\"showProjectIssuesTap",775327,109,"Tap:function(f,b,h,a,g,c",785610,37,"a.data.id);var d",775502,83,"d",775586,89,"a.data.id);d",775687,2657,"iconCls:\"bookmarks\",iconMask:true",778444,41,778384,61,"iconCls:\"add\",iconMask:true",778444,95,"iconCls:\"organize\",iconMask:true",778538,1738,",itemtap:\"showIssueTap",780275,5578,"Tap:function(b,c,g,a,f,d",785703,7191,",redmineChartsNavigator:\"redmine-charts-navigator\",buttonRefreshCharts:\"redmine-charts-navigator #btn-refresh-charts\"},control:{list:{itemtap:\"showProjectChartsTap\"},redmineChartsNavigator:{back:\"backButtonClicked\"}}},showProjectChartsTap:function(g,b,f,a,d,c){",797647,33,793016,33,"h=",795820,35,"Chart\");this.getButtonRefreshCharts().hide();this.getRedmineChartsNavigator().push(h)},backButtonClicked:function(){this.getButtonRefreshCharts().show(",793133,1576,"fals",794712,536,"\"57\":\"resources/icons/iOS/Icon.png\",\"114\":\"resources/icons/iOS/Icon@2x.png\",\"29\":\"resources/icons/iOS/Icon-Small.png\",\"58\":\"resources/icons/iOS/Icon-Small@2x.png\",\"40\":\"resources/icons/iOS/Icon-40.png\",\"80\":\"resources/icons/iOS/Icon-40@2x.png\",\"50\":\"resources/icons/iOS/Icon-Small-50.png\",\"100\":\"resources/icons/iOS/Icon-Small-50@2x.png\",\"60\":\"resources/icons/iOS/Icon-60.png\",\"120\":\"resources/icons/iOS/Icon-60@2x.png\",\"72\":\"resources/icons/iOS/Icon-72.png\",\"144\":\"resources/icons/iOS/Icon-72@2x.png\",\"76\":\"resources/icons/iOS/Icon-76.png\",\"152\":\"resources/icons/iOS",795726,2344]