["/*cc4f26d88e31c204adad670aa15fa8fa0a855167",42,770275,770564,124,"iconCls:\"action\",iconMask:true",770687,115,"iconCls:\"organize\",iconMask:true",770687,39,770840,46,"conCls:\"refresh\",iconMask:true",770884,524,770571,70,"style:\"padding-top:20px;height:4em;background:#EEEEEE !important;\",",770999,89,771566,39,774346,52,771177,138,771738,65,"initialize:function(a){if(",772958,36,"getValue()!==undefined&&",772733,45,"!==undefined){",772958,91,"Ext.getCmp(\"save-permanently\")",773050,46,"else{",772958,36,773312,52,773237,51,"edit-credentials\").hide()}}",771802,73,"tool",773384,63,",style:\"padding-top:20px;height:3em;background:#EEEEEE !important;\"},",771867,686,"conCls:\"bookmarks\",iconMask:true",772551,577,"conCls:\"action\",iconMask:true",773126,244,787232,40,773488,237,773796,161,774028,1720,"area",775748,66,"maxRows:3",776398,37,775850,816,"area",776666,38,"maxRows:5",776703,51,"area",776754,79,"maxRows:5",776832,986,"iconCls:\"bookmarks\",iconMask:true",777918,41,777858,61,"iconCls:\"add\",iconMask:true",777918,95,"iconCls:\"organize\",iconMask:true",778012,3326,",maxRows:12",781338,3126,";this.getBtnSaveInfo().hide",784462,1003,"c.addListener(\"remove\",function(){b.getBtnRefresh().hide();b.getBtnEnableEditing().show()})",785464,6772,",redmineChartsNavigator:\"redmine-charts-navigator",792235,201,"this.getRedmineChartsNavigator().push(g)",778079,38,792514,2098,"iOS/Icon.png\",\"114\":\"resources/icons/iOS/Icon@2x.png\",\"29\":\"resources/icons/iOS/Icon-Small.png\",\"58\":\"resources/icons/iOS/Icon-Small@2x.png\",\"40\":\"resources/icons/iOS/Icon-40.png\",\"80\":\"resources/icons/iOS/Icon-40@2x.png\",\"50\":\"resources/icons/iOS/Icon-Small-50.png\",\"100\":\"resources/icons/iOS/Icon-Small-50@2x.png\",\"60\":\"resources/icons/iOS/Icon-60.png\",\"120\":\"resources/icons/iOS/Icon-60@2x.png\",\"72\":\"resources/icons/iOS/Icon-72.png\",\"144\":\"resources/icons/iOS/Icon-72@2x.png\",\"76\":\"resources/icons/iOS/Icon-76.png\",\"152\":\"resources/icons/iOS/Icon-76@2x.png\"}",794746,2327]