["/*07248ab2baae28ba774d107c071d55832b448ce5",42,770275,770564,77,"style:\"padding-top:20px;height:4em;background:#EEEEEE !important;",770639,49,"iconCls:\"action\",iconMask:true",770687,115,"iconCls:\"organize\",iconMask:true",770687,39,770840,46,"conCls:\"refresh\",iconMask:true",770884,524,770571,70,"style:\"padding-top:20px;height:4em;background:#EEEEEE !important;\",items:[",770854,32,"conCls:\"refresh\",iconMask:true,id:\"btn-refresh-charts",770900,116,"list\",title:\"Select a Projec",771562,43,774346,52,771177,105,771707,96,"initialize:function(a){if(",772958,36,"getValue()!==undefined&&",772733,45,"!==undefined){",772958,91,"Ext.getCmp(\"save-permanently\")",773050,46,"else{",772958,36,773312,52,773237,51,"edit-credentials\").hide()}}",771802,73,"tool",773384,63,",style:\"padding-top:20px;height:3em;background:#EEEEEE !important;\"},",771867,253,"For Example: ",772120,298,"For Example: ",772418,135,"conCls:\"bookmarks\",iconMask:true",772551,56,"& Lock Fields",772618,510,"conCls:\"action\",iconMask:true",773126,51,"Unlock Field",773192,178,787232,40,773488,237,773796,161,774028,788,"itemtap:\"showProjectIssuesTap",774843,109,"Tap:function(f,b,h,a,g",774963,39,"a.data.id);var d",775018,83,"d",775102,89,"a.data.id);d",775203,545,"area",775748,66,"maxRows:3",776398,37,775850,816,"area",776666,38,"maxRows:5",776703,51,"area",776754,79,"maxRows:5",776832,986,"iconCls:\"bookmarks\",iconMask:true",777918,41,777858,61,"iconCls:\"add\",iconMask:true",777918,95,"iconCls:\"organize\",iconMask:true",778012,1738,",itemtap:\"showIssueTap",779749,1589,",maxRows:12",781338,3126,";this.getBtnSaveInfo().hide",784462,825,"Tap:function(b,c,g,a,f,d){if(",785196,45,785187,278,"c.addListener(\"remove\",function(){b.getBtnRefresh().hide();b.getBtnEnableEditing().show()})",785464,6772,",redmineChartsNavigator:\"redmine-charts-navigator\",buttonRefreshCharts:\"redmine-charts-navigator #btn-refresh-charts\"},control:{list:{itemtap:\"showProjectChartsTap\"},redmineChartsNavigator:{back:\"backButtonClicked\"}}},showProjectChartsTap:function(g,b,f,a",792319,72,"h",792392,44,"this.getButtonRefreshCharts().hide();this.getRedmineChartsNavigator().push(h)},backButtonClicked:function(){this.getButtonRefreshCharts().show()",778079,38,792514,1537,"fals",794054,558,"iOS/Icon.png\",\"114\":\"resources/icons/iOS/Icon@2x.png\",\"29\":\"resources/icons/iOS/Icon-Small.png\",\"58\":\"resources/icons/iOS/Icon-Small@2x.png\",\"40\":\"resources/icons/iOS/Icon-40.png\",\"80\":\"resources/icons/iOS/Icon-40@2x.png\",\"50\":\"resources/icons/iOS/Icon-Small-50.png\",\"100\":\"resources/icons/iOS/Icon-Small-50@2x.png\",\"60\":\"resources/icons/iOS/Icon-60.png\",\"120\":\"resources/icons/iOS/Icon-60@2x.png\",\"72\":\"resources/icons/iOS/Icon-72.png\",\"144\":\"resources/icons/iOS/Icon-72@2x.png\",\"76\":\"resources/icons/iOS/Icon-76.png\",\"152\":\"resources/icons/iOS/Icon-76@2x.png\"}",794746,2327]