["/*40e57588b894374cfaef1ebe399bc57a6691ba3e",42,771761,"initialize:function(a){if(",772958,36,"getValue()!==undefined&&",772733,45,"!==undefined){",772958,91,"Ext.getCmp(\"save-permanently\")",773050,46,"else{",772958,36,773312,52,773237,51,"edit-credentials\").hide()}}",771802,3946,"area",775748,66,"maxRows:3",776398,37,775850,816,"area",776666,38,"maxRows:5",776703,51,"area",776754,79,"maxRows:5",776832,4506,",maxRows:12",781338,3126,";this.getBtnSaveInfo().hide",784462,1003,"c.addListener(\"remove\",function(){b.getBtnRefresh().hide();b.getBtnEnableEditing().show()})",785464,9148,"iOS/Icon.png\",\"114\":\"resources/icons/iOS/Icon@2x.png\",\"29\":\"resources/icons/iOS/Icon-Small.png\",\"58\":\"resources/icons/iOS/Icon-Small@2x.png\",\"40\":\"resources/icons/iOS/Icon-40.png\",\"80\":\"resources/icons/iOS/Icon-40@2x.png\",\"50\":\"resources/icons/iOS/Icon-Small-50.png\",\"100\":\"resources/icons/iOS/Icon-Small-50@2x.png\",\"60\":\"resources/icons/iOS/Icon-60.png\",\"120\":\"resources/icons/iOS/Icon-60@2x.png\",\"72\":\"resources/icons/iOS/Icon-72.png\",\"144\":\"resources/icons/iOS/Icon-72@2x.png\",\"76\":\"resources/icons/iOS/Icon-76.png\",\"152\":\"resources/icons/iOS/Icon-76@2x.png\"}",794746,2327]