["/*0e2e2ddd805e4fdaf4fc9d42c10f14623ef65b1c",42,770646,"iconCls:\"action\",iconMask:true",770687,115,"iconCls:\"organize\",iconMask:true",770687,39,770840,46,"conCls:\"refresh\",iconMask:true",770884,531,"autoDestroy:true",771414,103,",style:\"padding-top:20px;height:4em;background:#EEEEEE !important;",771516,843,"tool",773868,63,",style:\"padding-top:20px;height:3em;background:#EEEEEE !important;\"},",772351,686,"conCls:\"bookmarks\",iconMask:true",773035,577,"conCls:\"action\",iconMask:true",773610,244,789120,40,773972,4372,"iconCls:\"bookmarks\",iconMask:true",778444,41,778384,61,"iconCls:\"add\",iconMask:true",778444,95,"iconCls:\"organize\",iconMask:true",778538,16710,"\"57\":\"resources/icons/iOS/Icon.png\",\"114\":\"resources/icons/iOS/Icon@2x.png\",\"29\":\"resources/icons/iOS/Icon-Small.png\",\"58\":\"resources/icons/iOS/Icon-Small@2x.png\",\"40\":\"resources/icons/iOS/Icon-40.png\",\"80\":\"resources/icons/iOS/Icon-40@2x.png\",\"50\":\"resources/icons/iOS/Icon-Small-50.png\",\"100\":\"resources/icons/iOS/Icon-Small-50@2x.png\",\"60\":\"resources/icons/iOS/Icon-60.png\",\"120\":\"resources/icons/iOS/Icon-60@2x.png\",\"72\":\"resources/icons/iOS/Icon-72.png\",\"144\":\"resources/icons/iOS/Icon-72@2x.png\",\"76\":\"resources/icons/iOS/Icon-76.png\",\"152\":\"resources/icons/iOS/Icon-76@2x",795588,2333]