["/*0e2e2ddd805e4fdaf4fc9d42c10f14623ef65b1",41,770647,"iconCls:\"action\",iconMask:true",770687,115,"iconCls:\"organize\",iconMask:true",770687,39,770840,46,"conCls:\"refresh\",iconMask:true",770884,180,771076,351,"autoDestroy:true",771426,103,",style:\"padding-top:20px;height:4em;background:#EEEEEE !important;",771528,34,771576,253,"initialize:function(a){if(",772652,46,"!==undefined&&",773008,35,"getValue()!==undefined){",772652,36,772998,54,";Ext.getCmp(\"save-permanently\").hide();Ext.getCmp(\"edit-credentials\").show()}else{",772652,36,"en",773001,42,"enable();Ext.getCmp(\"save-permanently\").show();Ext.getCmp(\"edit-credentials\").hide()}}",771828,73,"tool",773072,63,",style:\"padding-top:20px;height:3em;background:#EEEEEE !important;\"},",771893,685,"iconCls:\"bookmarks\",iconMask:true,id:\"save-permanently",772576,476,";b.hide();Ext.getCmp(\"edit-credentials\").show()}},{xtype:\"button\",ui:\"confirm\",iconCls:\"action\",iconMask:true,id:\"edit-credentials\",style:\"margin: .05em\",text:\"Edit Credentials\",hidden:true,handler:function(b,a){b.hide();Ext.getCmp(\"save-permanently\").show(",772960,38,"en",773001,42,"enable()}}]}]",773135,715,"navigation.View",773860,35,"navigationBar:null,",770571,43,"title:\"Select a Ticket",773943,201,777695,40,774191,201,",buttonRefresh",778096,32,"refresh",774391,318,"getButtonRefresh().hide(",774702,615,"area",775317,66,"maxRows:3",775967,37,775419,816,"area",776235,38,"maxRows:5",776272,51,"area",776323,79,"maxRows:5",776207,43,776444,943,"iconCls:\"bookmarks\",iconMask:true",777504,35,"text:\"",777444,61,"iconCls:\"add\",iconMask:true",777504,35,"text:\"Add",777564,51,"iconCls:\"organize\",iconMask:true",777614,35,"text:\"Save",777675,168,"sView:\"projectissuesview\",",777831,3087,",maxRows:12",780918,3042,784169,56,";this.getBtnRefresh().show();this.getBtnSaveInfo",784216,177,784428,261,"ProjectIssuesView().push(this.issueView);this.getBtnRefresh().hide(",784733,229,785018,276,"c.addListener(\"remove\",function(){b.getBtnRefresh().hide();b.getBtnEnableEditing().show()})",785293,7351,792693,106,792848,1669,"\"57\":\"resources/icons/iOS/Icon.png\",\"114\":\"resources/icons/iOS/Icon@2x.png\",\"29\":\"resources/icons/iOS/Icon-Small.png\",\"58\":\"resources/icons/iOS/Icon-Small@2x.png\",\"40\":\"resources/icons/iOS/Icon-40.png\",\"80\":\"resources/icons/iOS/Icon-40@2x.png\",\"50\":\"resources/icons/iOS/Icon-Small-50.png\",\"100\":\"resources/icons/iOS/Icon-Small-50@2x.png\",\"60\":\"resources/icons/iOS/Icon-60.png\",\"120\":\"resources/icons/iOS/Icon-60@2x.png\",\"72\":\"resources/icons/iOS/Icon-72.png\",\"144\":\"resources/icons/iOS/Icon-72@2x.png\",\"76\":\"resources/icons/iOS/Icon-76.png\",\"152\":\"resources/icons/iOS/Icon-76@2x.png\"}",794665,2327]