["/*0e2e2ddd805e4fdaf4fc9d42c10f14623ef65b1c",42,770646,"iconCls:\"action\",iconMask:true",770687,115,"iconCls:\"organize\",iconMask:true",770687,39,770840,46,"conCls:\"refresh\",iconMask:true",770884,531,"autoDestroy:true",771414,103,",style:\"padding-top:20px;height:4em;background:#EEEEEE !important;",771516,310,"if(",773391,36,771984,250,"else{",773391,36,"en",772106,42,"en",772151,38,"show",773488,34,"hide",772231,77,"tool",773817,63,",style:\"padding-top:20px;height:3em;background:#EEEEEE !important;\"},",772300,686,"conCls:\"bookmarks\",iconMask:true",772984,577,"conCls:\"action\",iconMask:true",773559,244,"]",775678,32,773914,2267,"area",776181,66,"maxRows:3",776831,37,776283,816,"area",777099,38,"maxRows:5",777136,142,"5",777376,42,777321,944,"iconCls:\"bookmarks\",iconMask:true",778365,41,778305,61,"iconCls:\"add\",iconMask:true",778365,95,"iconCls:\"organize\",iconMask:true",778459,6463,";this.getBtnSaveInfo().hide",784920,1003,"c.addListener(\"remove\",function(){b.getBtnRefresh().hide();b.getBtnEnableEditing().show()}",775494,40,785961,9087,"\"57\":\"resources/icons/iOS/Icon.png\",\"114\":\"resources/icons/iOS/Icon@2x.png\",\"29\":\"resources/icons/iOS/Icon-Small.png\",\"58\":\"resources/icons/iOS/Icon-Small@2x.png\",\"40\":\"resources/icons/iOS/Icon-40.png\",\"80\":\"resources/icons/iOS/Icon-40@2x.png\",\"50\":\"resources/icons/iOS/Icon-Small-50.png\",\"100\":\"resources/icons/iOS/Icon-Small-50@2x.png\",\"60\":\"resources/icons/iOS/Icon-60.png\",\"120\":\"resources/icons/iOS/Icon-60@2x.png\",\"72\":\"resources/icons/iOS/Icon-72.png\",\"144\":\"resources/icons/iOS/Icon-72@2x.png\",\"76\":\"resources/icons/iOS/Icon-76.png\",\"152\":\"resources/icons/iOS/Icon-76@2x.png\"}",795196,2327]