["/*40e57588b894374cfaef1ebe399bc57a6691ba3e",42,768115,"note",768146,2410,"autoDestroy:true,showAnimation:null",770585,109,"temI",770694,110,"temI",770804,163,"}}]},items:[{xtype:\"formpanel\",layout:\"vbox\",title:\"Select a Project\",items:[{xtype:\"list\",itemI",771176,33,"pinHeaders:true,clearSelectionOnDeactivate:true",771208,110,776958,33,771349,235,771598,253,"initialize:function(a){if(",772364,46,"!==undefined&&",772449,45,"!==undefined){",772364,36,"disable();",772449,35,"disable();Ext.getCmp(\"save-permanently\").hide();Ext.getCmp(\"edit-credentials\").show()}else{",772364,36,"enable();",772449,35,"enable();Ext.getCmp(\"save-permanently\").show();Ext.getCmp(\"edit-credentials\").hide()}},config:{flex:1,layout:\"vbox\",pack:\"center\",",771859,39,"pack:\"center\",items:[{xtype:\"textfield\",id:\"redmine-url-field\",label:\"Enter Redmine App URL:\",clearIcon:false,labelWidth:\"100%\",readOnly:true},",771919,64,772018,81,"redmine-key-field\",label:\"Enter Redmine API Access Key:\",clearIcon:false,style:{background:\"#00D2A5 !important\"},labelWidth:\"100%",775152,36,772095,52,772189,79,"container\",layout:{type:\"vbox\",align:\"middle\"},items:[{xtype:\"button\",ui:\"confirm\",id:\"save-permanently\",style:\"margin: .05e",772309,364,";",772364,36,"disable();",772449,35,"disable();b.hide();Ext.getCmp(\"edit-credentials\").show()}},{xtype:\"button\",ui:\"confirm\",id:\"edit-credentials\",style:\"margin: .05em\",text:\"Edit Credentials\",hidden:true,handler:function(b,a){b.hide();Ext.getCmp(\"save-permanently\").show();",772364,36,"enable();",772449,35,"enable()}}]",772674,209,"deferredRender:false,itemId:\"redmine-tab-panel\",defaults:{hideMode:\"offsets\"},layoutOnTabChange:true,activeTab:1,plain:true",772905,463,"navigation.View",773377,35,"navigationBar:null,autoDestroy:true,showAnimation:null,flex:1,title:\"Select a Ticket",773478,50,"pinHeaders:true,clearSelectionOnDeactivate:true,itemI",773529,98,777246,40,773674,113,"redmine-issues-navigator ",773787,38,"redmine-issues-navigator\",buttonRefresh:\"redmine-issues-navigator #btn-refresh",773850,272,785151,38,"a);this.getButtonRefresh().hide(",774161,69,774321,80,776996,87,774491,73,787712,34,774396,57,"temI",774453,156,"temI",774609,36,",",779375,32,"Project\",name:\"project_name\",itemId:\"issue-project\",maxRows:3",774720,54,"temI",774774,154,"temI",774928,126,"temI",775054,223,"raw.",775277,50,"temI",775327,171,"temI",775498,51,"area",775549,38,"maxRows:5,itemI",775588,45,"area",775633,53,"temId:\"issue-description\",maxRows:5",775216,42,"Start Date\",itemI",775762,91,"temI",775853,165,"temI",776018,123,"temI",776141,94,"temI",776235,93,"temI",776328,93,"temI",776421,97,"temI",776518,118,"temI",776636,55,"text:\"",776714,40,"temI",776754,51,"text:\"Add Note\"},{xtype:\"button\",itemI",776855,56,"text:\"Save",776937,49,777275,119,"sView:\"projectissuesview\",projectIssueList:\"projectissuesview ",777400,35,"issueview #issue-tracker\",issueCategory:\"issueview ",777466,35,"redmine-issues-navigator ",777501,33,"redmine-issues-navigator #btn-refresh\",btnSaveInfo:\"redmine-issues-navigator ",777561,105,777667,35,"issueview #issue-id\",issueProject:\"issueview ",777727,35,"issueview ",777762,38,"issueview ",777800,35,"issueview ",777835,36,"issueview ",777871,34,"issueview ",777905,37,"issueview ",777942,40,"issueview ",777982,33,"issueview ",778015,35,"-empty-node\",issueDescription:\"issueview ",778079,35,"issueview ",778114,35,"issueview ",778149,66,"issueview ",778215,35,"issueview ",778250,32,"issueview #btn-new-note\",btnShowHistory:\"issueview ",778313,174,"issuehistoryview\"},control:{redmineIssuesNavigator:{back:\"backClicked\"},",778519,108,778674,1518,",maxRows:12}]};f.add(g)}",780662,2967,";this.getBtnShowHistory().show();this.getBtnNewNote().show()},backClicked:function(){this.getBtnEnableEditing().hide();this.getBtnRefresh().show();this.getBtnSaveInfo().hide()},Issue:null,issueView:null,loadIssueById",795148,63,"Issue\");b",783782,37,"c,d){this.issue=c",784486,52,780542,35,"temId:\"new-empty-n",780589,57,"this.issueView.add(new_items);this.issueView.setRecord(c",783550,44,"ProjectIssuesView().push(this.issueView);this.getBtnRefresh().hide();",784204,45,"=false}})}",783656,67,"this.loadIssueById(a)},showIssue:function(f",784189,62,"return}",784204,45,"=true;this.loadIssueById(a.data.id",785064,42,"c",784501,34,"History\");this.getNewEmptyNode",783542,37,"hide();this.getBtnRefresh().hide();var b=this;c.addListener(\"remove\",function(){b.getBtnRefresh().hide();b.getBtnEnableEditing().show()}",783920,40,"c",784728,59,"if(c){var a=c.getRecord()}if(this.issue){",784807,106,";this.getNewEmptyNode().hide",782203,46,"ShowHistory().show();this.getBtnNewNote().show()}",784913,153,788957,38,785260,554,788303,34,785863,5891,"controller.UserInputField",777291,46,"UserInputView\"],refs:{redmineUrlField:\"#redmine-url-field\",redmineKeyField:\"#redmine-key-field\"},control:{redmineUrlField:{painted:\"styleRedmineUrlField\"},redmineKeyField:{painted:\"styleRedmineKeyField\"}}},styleRedmineUrlField:function(b,a){Ext.getCmp(\"redmine-url-field\").setStyle({backgroundColor:\"#00D2A5\"})},styleRedmineKeyField:function(a,b){Ext.getCmp(\"redmine-key-field\").setStyle({backgroundColor:\"#00D2A5\"}",791726,1062,"tru",792792,510,",\"UserInputFields\"],icon:{\"57\":\"resources/icons/iOS/Icon.png\",\"114\":\"resources/icons/iOS/Icon@2x.png\",\"29\":\"resources/icons/iOS/Icon-Small.png\",\"58\":\"resources/icons/iOS/Icon-Small@2x.png\",\"40\":\"resources/icons/iOS/Icon-40.png\",\"80\":\"resources/icons/iOS/Icon-40@2x.png\",\"50\":\"resources/icons/iOS/Icon-Small-50.png\",\"100\":\"resources/icons/iOS/Icon-Small-50@2x.png\",\"60\":\"resources/icons/iOS/Icon-60.png\",\"120\":\"resources/icons/iOS/Icon-60@2x.png\",\"72\":\"resources/icons/iOS/Icon-72.png\",\"144\":\"resources/icons/iOS/Icon-72@2x.png\",\"76\":\"resources/icons/iOS/Icon-76.png\",\"152\":\"resources/icons/iOS/Icon-76@2x.png\"}",793458,385,"else{this.redmine_url=\"http://redmine.arkhitech.com\"",793842,1890]